id, Longitude,Latitude,Height,Tree_DBH,Biomass,Carbon
1,112.929171,28.16788751,11.11102988,0.338750914,0.562492029,0.269996174
2,112.9292445,28.16801017,10.41691609,0.429043204,0.810989934,0.389275168
3,112.9288786,28.16774776,11.9131185,0.654566951,1.976069565,0.948513391
4,112.9289582,28.16773855,15.71874096,0.648206993,2.508123254,1.203899162
5,112.929044,28.16797316,17.7938936,0.24645282,0.491272165,0.235810639
6,112.9290415,28.16775307,12.7848815,0.514014568,1.358440453,0.652051417
7,112.9286676,28.16769985,10.58153285,0.329187975,0.510924243,0.245243637
8,112.928582,28.16764255,14.12684765,0.438796658,1.118118442,0.536696852
9,112.9281796,28.16754938,21.55617414,0.67384993,3.606608741,1.731172196
10,112.9280819,28.16751491,13.216122,0.453363416,1.115527963,0.535453422
11,112.9284023,28.16768271,15.41033396,0.433987282,1.187510616,0.570005095
12,112.9283383,28.16758658,7.792564827,0.459657145,0.703265915,0.337567639
13,112.9282394,28.16761734,14.55805971,0.507572481,1.496696254,0.718414202
14,112.9277875,28.16755428,15.70419573,0.454973657,1.316213467,0.631782464
15,112.9279422,28.16752925,15.3329781,0.490419121,1.475072569,0.708034833
16,112.9277221,28.16743337,11.09682624,0.440312563,0.900795986,0.432382073
17,112.9276311,28.16743999,14.25476007,0.502587487,1.441833918,0.69208028
18,112.9274743,28.16749475,12.43756325,0.3867137,0.791597097,0.379966606
19,112.9326763,28.16916311,17.90644525,0.563641134,2.192449679,1.052375846
20,112.9327481,28.16925695,7.741414301,0.503191929,0.823306363,0.395187054
21,112.9329378,28.16914482,15.53978943,0.62718075,2.336713271,1.12162237
22,112.932147,28.1689192,11.49309525,0.389882466,0.747028667,0.35857376
23,112.9320523,28.16886059,14.59118328,0.683333653,2.57823794,1.237554211
24,112.931913,28.1689091,16.09531592,0.701830636,2.964538533,1.422978496
25,112.9324153,28.16904166,12.67470472,0.391546688,0.823702406,0.395377155
26,112.932477,28.1690408,13.07561732,0.458899765,1.129131941,0.541983331
27,112.932251,28.16893723,12.75486085,0.56284757,1.598558,0.76730784
28,112.9323155,28.1690437,12.30861374,0.520063929,1.339858513,0.643132086
29,112.9301087,28.16821173,10.74988722,0.413174345,0.779923288,0.374363178
30,112.9301234,28.16833459,14.0104961,0.485162329,1.331027564,0.638893231
31,112.9302238,28.16832357,13.67637873,0.386030714,0.861125859,0.413340412
32,112.9295396,28.16817213,18.99008968,0.604576255,2.63054449,1.262661355
33,112.9294131,28.16791872,12.26866135,0.501692472,1.251444209,0.60069322
34,112.9294769,28.16796448,19.68540622,0.39085213,1.231667911,0.591200597
35,112.9294662,28.16814871,13.96384746,0.491805201,1.360076819,0.652836873
36,112.9299439,28.16819152,15.95810368,0.579087172,2.070549155,0.993863595
37,112.9299725,28.16833164,11.80188392,0.482672554,1.125778593,0.540373724
38,112.9295736,28.16836454,4.420465692,0.210498366,0.104134878,0.049984741
39,112.9297342,28.16806466,17.89244621,0.551513622,2.105767824,1.010768556
40,112.929763,28.16839869,10.71516462,0.483670625,1.033771773,0.496210451
41,112.9296683,28.16838162,7.567815156,0.347084496,0.413006809,0.198243268
42,112.9314607,28.16878516,16.87776293,0.616860998,2.446939053,1.174530746
43,112.9314231,28.16870593,13.26609597,0.568819663,1.689757826,0.811083757
44,112.9317586,28.16889339,3.941315511,0.198483515,0.084650813,0.04063239
45,112.9316783,28.16879464,8.902595232,0.310181675,0.392034514,0.188176567
46,112.9316247,28.16876133,14.13912813,0.47570001,1.295205037,0.621698418
47,112.9309749,28.16852002,20.97358365,0.399533729,1.358665323,0.652159355
48,112.9307858,28.16852248,11.95111449,0.584192957,1.610844194,0.773205213
49,112.930863,28.16850386,11.97675793,0.396890919,0.801212337,0.384581922
50,112.930659,28.16848622,13.98118474,0.568804968,1.773605973,0.851330867
51,112.9305269,28.16847596,12.53417188,0.40791477,0.877780223,0.421334507
52,112.9304921,28.16836217,13.54595439,0.421622908,1.000792788,0.480380538
53,112.9353975,28.17003217,5.533644483,0.266325136,0.193445287,0.092853738
54,112.9355285,28.16999904,12.57934034,0.338376283,0.629185887,0.302009226
55,112.9356238,28.17006133,14.2266478,0.479616748,1.322104741,0.634610276
56,112.9357,28.17022833,11.98737945,0.45945603,1.044541105,0.501379731
57,112.9356715,28.17014704,13.37446434,0.433459451,1.0398656,0.499135488
58,112.9357494,28.17029593,11.15501374,0.433941839,0.881619534,0.423177376
59,112.9358481,28.17029275,9.179874487,0.362074865,0.531926697,0.255324815
60,112.9359266,28.17022238,4.610187578,0.450370622,0.418585075,0.200920836
61,112.9358936,28.17041992,8.627481637,0.508286489,0.926414273,0.444678851
62,112.9360334,28.17025052,9.352858173,0.678535799,1.687515349,0.810007368
63,112.9360787,28.1705946,3.695181056,0.323615235,0.189099993,0.090767997
64,112.935972,28.17054878,16.14993299,0.58655931,2.143029597,1.028654206
65,112.9339777,28.16949378,11.65395509,0.498995142,1.181912883,0.567318184
66,112.933872,28.169486,10.07578532,0.382595129,0.639783886,0.307096265
67,112.933375,28.16937097,17.24548388,0.537906452,1.944837483,0.933521992
68,112.9335358,28.16935129,23.18957219,0.483075915,2.102919101,1.009401169
69,112.9336706,28.16944,11.40065002,0.360220883,0.643115726,0.308695548
70,112.9336255,28.16937081,16.87794868,0.586182988,2.229561563,1.07018955
71,112.9350519,28.16987564,4.194033165,0.175797797,0.07251482,0.034807114
72,112.9351177,28.1698906,13.19545398,0.570133665,1.688524655,0.810491834
73,112.9351909,28.16993509,13.36285805,0.491530088,1.304674669,0.626243841
74,112.9353147,28.16996421,9.502984455,0.315517809,0.429094424,0.205965324
75,112.9352622,28.16992089,15.29443321,0.524250726,1.661195469,0.797373825
76,112.934376,28.16971422,11.74936657,0.513986944,1.256523894,0.603131469
77,112.9345041,28.16968089,10.57617525,0.458575399,0.927515737,0.445207554
78,112.9341334,28.16956551,7.047856543,0.199736825,0.145304674,0.069746243
79,112.9342824,28.16959198,13.621263,0.399982977,0.914646616,0.439030376
80,112.9345897,28.1697368,15.02763423,0.533520419,1.687340137,0.809923266
81,112.934697,28.16975069,8.85619935,0.316626393,0.404761527,0.194285533
82,112.9347719,28.16986592,15.439661,0.525886605,1.685269539,0.808929379
83,112.9348659,28.1698739,15.85555732,0.619439897,2.327236299,1.117073424
84,112.9349181,28.16991858,10.47779987,0.388205864,0.680817699,0.326792495
85,112.9377528,28.17169888,15.57510261,0.508213117,1.596592882,0.766364584
86,112.9374712,28.17199773,18.57536715,0.634693638,2.816590539,1.351963459
87,112.937371,28.17194594,11.30884929,0.450477495,0.955240561,0.458515469
88,112.9372523,28.17162646,19.46882946,0.648960982,3.063710263,1.470580926
89,112.9374677,28.17141122,10.00582485,0.443806747,0.830731016,0.398750888
90,112.9374489,28.17167752,15.83981141,0.450517653,1.30325178,0.625560855
91,112.9373,28.17172974,16.00910905,0.330506073,0.752854931,0.361370367
92,112.9373175,28.17184447,15.72307959,0.467805192,1.385781684,0.665175208
93,112.9363646,28.17043384,15.07804996,0.446494446,1.225289757,0.588139083
94,112.9364592,28.17068532,17.09814503,0.617401705,2.480435388,1.190608986
95,112.9364556,28.17054603,16.97238924,0.471660099,1.509358675,0.724492164
96,112.9368153,28.17079903,5.320163306,0.339584892,0.287576528,0.138036733
97,112.936686,28.17088448,9.331594129,0.331921193,0.462039657,0.221779035
98,112.936604,28.17077446,13.80917592,0.431703461,1.063133006,0.510303843
99,112.9365885,28.17055312,8.872936637,0.350317402,0.485924275,0.233243652
100,112.9365858,28.17065087,11.14734327,0.403173999,0.771559426,0.370348525
101,112.936933,28.17161498,1.354893736,0.064082812,0.004879161,0.002341998
102,112.9372062,28.17113791,10.1532924,0.517618828,1.112430057,0.533966428
103,112.9369915,28.17129271,18.92718043,0.678680729,3.239403688,1.55491377
104,112.9367539,28.17115062,9.016886513,0.268588109,0.306913504,0.147318482
105,112.9369548,28.17085017,15.7219451,0.432873055,1.204015946,0.577927654
106,112.9370201,28.17093697,16.2016575,0.451007307,1.333303839,0.639985843
107,112.9369028,28.17122576,21.54899049,0.781356526,4.729100888,2.269968426
108,112.9368151,28.17124365,7.742653188,0.248060233,0.231871301,0.111298225
109,112.9379579,28.17196147,10.0489067,0.451175403,0.859213637,0.412422546
110,112.9377181,28.17227867,11.70611264,0.526359851,1.307513734,0.627606592
111,112.9381233,28.17217122,21.53546176,0.583402141,2.769047749,1.32914292
112,112.937757,28.17238107,3.283253767,0.145304839,0.041816229,0.02007179
113,112.9378963,28.17236191,14.28807109,0.379356032,0.86877791,0.417013397
114,112.9379522,28.17253319,19.24729332,0.688959496,3.381847808,1.623286948
115,112.9381978,28.17246917,8.239668846,0.278636145,0.301662453,0.144797977
116,112.9380303,28.17263354,9.674773224,0.523461242,1.085914757,0.521239083
117,112.9381806,28.17284667,12.50485043,0.598743011,1.756581553,0.843159146
118,112.9383751,28.17265669,11.35542891,0.425157746,0.863693325,0.414572796
119,112.9384248,28.17271727,11.70433739,0.49328625,1.162121857,0.557818491
120,112.9382561,28.17291058,8.575718971,0.52079265,0.962787415,0.462137959
121,112.9379722,28.17283769,3.98459941,0.196251629,0.083825014,0.040236007
122,112.9385595,28.17294029,11.27584534,0.304712193,0.471700133,0.226416064
123,112.9385353,28.1730958,8.074675075,0.358383264,0.464220527,0.222825853
124,112.9384539,28.17296426,21.26263074,0.783920877,4.698966316,2.255503832
125,112.9383233,28.1731216,12.07655073,0.400521612,0.820715984,0.393943672
126,112.9384993,28.17280442,10.29204988,0.366849516,0.604910533,0.290357056
127,112.9383406,28.17293171,17.13902857,0.701378932,3.138361423,1.506413483
